id,display_name,works_count,cited_by_count
https://openalex.org/keywords/artificial-intelligences,Artificial Intelligences,0,0
https://openalex.org/keywords/artificial-intelligence-technology,Artificial Intelligence Technology,0,0
https://openalex.org/keywords/symbolic-artificial-intelligence,Symbolic artificial intelligence,0,0
https://openalex.org/keywords/artificial-general-intelligence,Artificial General Intelligence,0,0
https://openalex.org/keywords/artificial-intelligences,Artificial Intelligences,0,0
https://openalex.org/keywords/anticipation,Anticipation (artificial intelligence),0,0
https://openalex.org/keywords/artificial-intelligence-technology,Artificial Intelligence Technology,0,0
https://openalex.org/keywords/symbolic-artificial-intelligence,Symbolic artificial intelligence,0,0
https://openalex.org/keywords/artificial-general-intelligence,Artificial General Intelligence,0,0
https://openalex.org/keywords/responsibility-in-ai,Responsibility in AI,2760,31920
https://openalex.org/keywords/neural-ai-plugs,Neural AI Plugs,0,0
https://openalex.org/keywords/machine-learning,Machine Learning,0,0
https://openalex.org/keywords/adversarial-machine-learning,Adversarial machine learning,0,0
https://openalex.org/keywords/automated-machine-learning,Automated Machine Learning,0,0
https://openalex.org/keywords/machine-learning-algorithms,Machine Learning Algorithms,0,0
https://openalex.org/keywords/machine-learning-attacks,Machine Learning Attacks,0,0
https://openalex.org/keywords/convolutional-neural-networks,Convolutional Neural Networks,0,0
https://openalex.org/keywords/deep-learning,Deep Learning,0,0
https://openalex.org/keywords/deep-learning-applications,Deep Learning Applications,0,0
https://openalex.org/keywords/deep-learning-for-eeg,Deep Learning for EEG,0,0
https://openalex.org/keywords/deep-learning-models,Deep Learning Models,0,0
https://openalex.org/keywords/artificial-neural-networks,Artificial Neural Networks,0,0
https://openalex.org/keywords/reinforcement-learning,Reinforcement Learning,0,0
https://openalex.org/keywords/rl-circuit,RL circuit,0,0
